File,Path,LOC,Classes,Functions,Methods,MethodAll,PublicMethods,PrivateMethods,ProtectedMethods,CountInput,CountOutput,ClassCoupled,ClassVariables,InstanceVariables,DerivedCount,EfferentCoupling,AfferentCoupling,SumCyclomatic,AvgCyclomatic,LCOM_Modified,DSC,NOH,ANA,DAM,DCC,CAM,MOA,MFA,NOP,CIS,NOM,DSC_N,NOH_N,ANA_N,DAM_N,DCC_N,CAM_N,MOA_N,MFA_N,NOP_N,CIS_N,NOM_N,Reusability,Flexibility,Understandability,Functionality,Extendibility,Effectiveness,QMOOD_SCORE
post.controller.js,/Users/joshua/Documents/18980/social-media/server/controllers/post.controller.js,160.0,0.0,12.0,0.0,0.0,0.0,0.0,0.0,0.0,0.0,0.0,0.0,0.0,0.0,1.0,0.0,25.0,2.0,0.0,12.0,0.0,0.0,0.0,1.0,0.3243243243243243,0.0,0.0,0.0,0.0,12.0,0.8571428571428571,0.0,0.0,0.0,0.16666666666666666,0.17417417417417413,0.0,0.0,0.0,0.0,0.8461538461538461,0.4304483054483054,-0.041666666666666664,-0.5596104346104347,0.20947232947232947,-0.08333333333333333,0.0,-0.007448299948299969
dbErrorHandler.js,/Users/joshua/Documents/18980/social-media/server/helpers/dbErrorHandler.js,29.0,0.0,2.0,0.0,0.0,0.0,0.0,0.0,0.0,0.0,0.0,0.0,0.0,0.0,0.0,2.0,9.0,3.0,0.0,2.0,0.0,0.0,0.0,2.0,0.18181818181818182,0.0,0.0,0.0,0.0,2.0,0.14285714285714285,0.0,0.0,0.0,0.3333333333333333,0.0,0.0,0.0,0.0,0.0,0.07692307692307693,-0.011904761904761904,-0.08333333333333333,-0.18252747252747253,0.031428571428571424,-0.16666666666666666,0.0,-0.06883394383394383
post.model.js,/Users/joshua/Documents/18980/social-media/server/models/post.model.js,23.0,0.0,0.0,0.0,0.0,0.0,0.0,0.0,0.0,0.0,0.0,0.0,0.0,0.0,0.0,0.0,0.0,0.0,0.0,0.0,0.0,0.0,0.0,0.0,1.0,0.0,0.0,0.0,0.0,1.0,0.0,0.0,0.0,0.0,0.0,1.0,0.0,0.0,0.0,0.0,0.0,0.25,0.0,0.33,0.12,0.0,0.0,0.11666666666666668
template.js,/Users/joshua/Documents/18980/social-media/template.js,25.0,0.0,1.0,0.0,0.0,0.0,0.0,0.0,0.0,0.0,0.0,0.0,0.0,0.0,0.0,0.0,1.0,1.0,0.0,1.0,0.0,0.0,0.0,0.0,0.5,0.0,0.0,0.0,0.0,1.0,0.07142857142857142,0.0,0.0,0.0,0.0,0.3888888888888889,0.0,0.0,0.0,0.0,0.0,0.13293650793650794,0.0,0.10476190476190478,0.062380952380952384,0.0,0.0,0.050013227513227516
App.js,/Users/joshua/Documents/18980/social-media/client/App.js,21.0,0.0,2.0,0.0,0.0,0.0,0.0,0.0,0.0,0.0,0.0,0.0,0.0,0.0,0.0,0.0,3.0,2.0,0.0,2.0,0.0,0.0,0.0,0.0,0.4,0.0,0.0,0.0,0.0,2.0,0.14285714285714285,0.0,0.0,0.0,0.0,0.2666666666666667,0.0,0.0,0.0,0.0,0.07692307692307693,0.1380952380952381,0.0,0.01547252747252749,0.06342857142857143,0.0,0.0,0.03616605616605617
MainRouter.js,/Users/joshua/Documents/18980/social-media/client/MainRouter.js,25.0,0.0,1.0,0.0,0.0,0.0,0.0,0.0,0.0,0.0,0.0,0.0,0.0,0.0,6.0,0.0,1.0,1.0,0.0,1.0,0.0,0.0,0.0,6.0,0.5,0.0,0.0,0.0,0.0,1.0,0.07142857142857142,0.0,0.0,0.0,1.0,0.3888888888888889,0.0,0.0,0.0,0.0,0.0,-0.11706349206349208,-0.25,-0.22523809523809524,0.062380952380952384,-0.5,0.0,-0.17165343915343914
theme.js,/Users/joshua/Documents/18980/social-media/client/theme.js,22.0,0.0,0.0,0.0,0.0,0.0,0.0,0.0,0.0,0.0,0.0,0.0,0.0,0.0,0.0,0.0,0.0,0.0,0.0,0.0,0.0,0.0,0.0,0.0,1.0,0.0,0.0,0.0,0.0,1.0,0.0,0.0,0.0,0.0,0.0,1.0,0.0,0.0,0.0,0.0,0.0,0.25,0.0,0.33,0.12,0.0,0.0,0.11666666666666668
auth-helper.js,/Users/joshua/Documents/18980/social-media/client/auth/auth-helper.js,26.0,0.0,4.0,0.0,0.0,0.0,0.0,0.0,0.0,0.0,0.0,0.0,0.0,0.0,1.0,0.0,8.0,2.0,0.0,4.0,0.0,0.0,0.0,1.0,0.3333333333333333,0.0,0.0,0.0,0.0,4.0,0.2857142857142857,0.0,0.0,0.0,0.16666666666666666,0.18518518518518517,0.0,0.0,0.0,0.0,0.23076923076923078,0.14748677248677247,-0.041666666666666664,-0.1643284493284493,0.08507936507936506,-0.08333333333333333,0.0,-0.009460385293718628
api-auth.js,/Users/joshua/Documents/18980/social-media/client/auth/api-auth.js,28.0,0.0,2.0,0.0,0.0,0.0,0.0,0.0,0.0,0.0,0.0,0.0,0.0,0.0,0.0,0.0,4.0,2.0,0.0,2.0,0.0,0.0,0.0,0.0,0.3333333333333333,0.0,0.0,0.0,0.0,2.0,0.14285714285714285,0.0,0.0,0.0,0.0,0.18518518518518517,0.0,0.0,0.0,0.0,0.07692307692307693,0.11772486772486772,0.0,-0.011416361416361417,0.05365079365079364,0.0,0.0,0.02665988332654999
PostList.js,/Users/joshua/Documents/18980/social-media/client/post/PostList.js,17.0,0.0,2.0,0.0,0.0,0.0,0.0,0.0,0.0,0.0,0.0,0.0,0.0,0.0,1.0,0.0,3.0,1.0,0.0,2.0,0.0,0.0,0.0,1.0,0.4,0.0,0.0,0.0,0.0,2.0,0.14285714285714285,0.0,0.0,0.0,0.16666666666666666,0.2666666666666667,0.0,0.0,0.0,0.0,0.07692307692307693,0.09642857142857145,-0.041666666666666664,-0.039527472527472504,0.06342857142857143,-0.08333333333333333,0.0,-0.0007783882783882687
Post.js,/Users/joshua/Documents/18980/social-media/client/post/Post.js,139.0,0.0,8.0,0.0,0.0,0.0,0.0,0.0,0.0,0.0,0.0,0.0,0.0,0.0,2.0,0.0,13.0,1.0,0.0,8.0,0.0,0.0,0.0,2.0,0.38095238095238093,0.0,0.0,0.0,0.0,8.0,0.5714285714285714,0.0,0.0,0.0,0.3333333333333333,0.24338624338624337,0.0,0.0,0.0,0.0,0.5384615384615384,0.2632275132275132,-0.08333333333333333,-0.39594627594627596,0.1549206349206349,-0.16666666666666666,0.0,-0.0379663546330213
FindPeople.js,/Users/joshua/Documents/18980/social-media/client/user/FindPeople.js,125.0,0.0,10.0,0.0,0.0,0.0,0.0,0.0,0.0,0.0,0.0,0.0,0.0,0.0,1.0,0.0,12.0,1.0,0.0,10.0,0.0,0.0,0.0,1.0,0.45454545454545453,0.0,0.0,0.0,0.0,10.0,0.7142857142857143,0.0,0.0,0.0,0.16666666666666666,0.3333333333333333,0.0,0.0,0.0,0.0,0.6923076923076923,0.39880952380952384,-0.041666666666666664,-0.4091758241758242,0.19714285714285712,-0.08333333333333333,0.0,0.010296092796092789
api-user.js,/Users/joshua/Documents/18980/social-media/client/user/api-user.js,129.0,0.0,8.0,0.0,0.0,0.0,0.0,0.0,0.0,0.0,0.0,0.0,0.0,0.0,0.0,0.0,16.0,2.0,0.0,8.0,0.0,0.0,0.0,0.0,0.3333333333333333,0.0,0.0,0.0,0.0,8.0,0.5714285714285714,0.0,0.0,0.0,0.0,0.18518518518518517,0.0,0.0,0.0,0.0,0.5384615384615384,0.332010582010582,0.0,-0.30515262515262515,0.14793650793650792,0.0,0.0,0.029132410799077458
ProfileTabs.js,/Users/joshua/Documents/18980/social-media/client/user/ProfileTabs.js,48.0,0.0,3.0,0.0,0.0,0.0,0.0,0.0,0.0,0.0,0.0,0.0,0.0,0.0,2.0,0.0,4.0,1.0,0.0,3.0,0.0,0.0,0.0,2.0,0.4285714285714286,0.0,0.0,0.0,0.0,3.0,0.21428571428571427,0.0,0.0,0.0,0.3333333333333333,0.3015873015873016,0.0,0.0,0.0,0.0,0.15384615384615385,0.09920634920634921,-0.08333333333333333,-0.13195970695970693,0.08333333333333334,-0.16666666666666666,0.0,-0.03323667073667073
FollowGrid.js,/Users/joshua/Documents/18980/social-media/client/user/FollowGrid.js,49.0,0.0,3.0,0.0,0.0,0.0,0.0,0.0,0.0,0.0,0.0,0.0,0.0,0.0,0.0,0.0,4.0,1.0,0.0,3.0,0.0,0.0,0.0,0.0,0.4285714285714286,0.0,0.0,0.0,0.0,3.0,0.21428571428571427,0.0,0.0,0.0,0.0,0.3015873015873016,0.0,0.0,0.0,0.0,0.15384615384615385,0.18253968253968256,0.0,-0.02195970695970695,0.08333333333333334,0.0,0.0,0.04065221815221816
api-post.js,/Users/joshua/Documents/18980/social-media/client/post/api-post.js,135.0,0.0,8.0,0.0,0.0,0.0,0.0,0.0,0.0,0.0,0.0,0.0,0.0,0.0,0.0,0.0,16.0,2.0,0.0,8.0,0.0,0.0,0.0,0.0,0.3333333333333333,0.0,0.0,0.0,0.0,8.0,0.5714285714285714,0.0,0.0,0.0,0.0,0.18518518518518517,0.0,0.0,0.0,0.0,0.5384615384615384,0.332010582010582,0.0,-0.30515262515262515,0.14793650793650792,0.0,0.0,0.029132410799077458
Home.js,/Users/joshua/Documents/18980/social-media/client/core/Home.js,84.0,0.0,5.0,0.0,0.0,0.0,0.0,0.0,0.0,0.0,0.0,0.0,0.0,0.0,2.0,0.0,5.0,1.0,0.0,5.0,0.0,0.0,0.0,2.0,0.5,0.0,0.0,0.0,0.0,5.0,0.35714285714285715,0.0,0.0,0.0,0.3333333333333333,0.3888888888888889,0.0,0.0,0.0,0.0,0.3076923076923077,0.19246031746031747,-0.08333333333333333,-0.20106227106227106,0.12523809523809523,-0.16666666666666666,0.0,-0.022227309727309724
Users.js,/Users/joshua/Documents/18980/social-media/client/user/Users.js,70.0,0.0,6.0,0.0,0.0,0.0,0.0,0.0,0.0,0.0,0.0,0.0,0.0,0.0,1.0,0.0,7.0,1.0,0.0,6.0,0.0,0.0,0.0,1.0,0.46153846153846145,0.0,0.0,0.0,0.0,6.0,0.42857142857142855,0.0,0.0,0.0,0.16666666666666666,0.3418803418803418,0.0,0.0,0.0,0.0,0.38461538461538464,0.25808913308913306,-0.041666666666666664,-0.2105311355311356,0.1353113553113553,-0.08333333333333333,0.0,0.00964489214489213
Signup.js,/Users/joshua/Documents/18980/social-media/client/user/Signup.js,103.0,0.0,6.0,0.0,0.0,0.0,0.0,0.0,0.0,0.0,0.0,0.0,0.0,0.0,1.0,0.0,7.0,1.0,0.0,6.0,0.0,0.0,0.0,1.0,0.46153846153846145,0.0,0.0,0.0,0.0,6.0,0.42857142857142855,0.0,0.0,0.0,0.16666666666666666,0.3418803418803418,0.0,0.0,0.0,0.0,0.38461538461538464,0.25808913308913306,-0.041666666666666664,-0.2105311355311356,0.1353113553113553,-0.08333333333333333,0.0,0.00964489214489213
Signin.js,/Users/joshua/Documents/18980/social-media/client/auth/Signin.js,93.0,0.0,7.0,0.0,0.0,0.0,0.0,0.0,0.0,0.0,0.0,0.0,0.0,0.0,1.0,0.0,9.0,1.0,0.0,7.0,0.0,0.0,0.0,1.0,0.4375,0.0,0.0,0.0,0.0,7.0,0.5,0.0,0.0,0.0,0.16666666666666666,0.3125,0.0,0.0,0.0,0.0,0.46153846153846156,0.2864583333333333,-0.041666666666666664,-0.2691826923076923,0.1475,-0.08333333333333333,0.0,0.0066292735042735
EditProfile.js,/Users/joshua/Documents/18980/social-media/client/user/EditProfile.js,150.0,0.0,9.0,0.0,0.0,0.0,0.0,0.0,0.0,0.0,0.0,0.0,0.0,0.0,1.0,0.0,15.0,2.0,0.0,9.0,0.0,0.0,0.0,1.0,0.37499999999999994,0.0,0.0,0.0,0.0,9.0,0.6428571428571429,0.0,0.0,0.0,0.16666666666666666,0.23611111111111105,0.0,0.0,0.0,0.0,0.6153846153846154,0.33878968253968256,-0.041666666666666664,-0.39230311355311365,0.16976190476190475,-0.08333333333333333,0.0,-0.001458587708587725
Profile.js,/Users/joshua/Documents/18980/social-media/client/user/Profile.js,142.0,0.0,12.0,0.0,0.0,0.0,0.0,0.0,0.0,0.0,0.0,0.0,0.0,0.0,5.0,0.0,18.0,2.0,0.0,12.0,0.0,0.0,0.0,5.0,0.4,0.0,0.0,0.0,0.0,12.0,0.8571428571428571,0.0,0.0,0.0,0.8333333333333334,0.2666666666666667,0.0,0.0,0.0,0.0,0.8461538461538461,0.2869047619047619,-0.20833333333333334,-0.7490879120879121,0.22057142857142856,-0.4166666666666667,0.0,-0.14443528693528696
PrivateRoute.js,/Users/joshua/Documents/18980/social-media/client/auth/PrivateRoute.js,16.0,0.0,2.0,0.0,0.0,0.0,0.0,0.0,0.0,0.0,0.0,0.0,0.0,0.0,0.0,0.0,3.0,2.0,0.0,2.0,0.0,0.0,0.0,0.0,0.4,0.0,0.0,0.0,0.0,2.0,0.14285714285714285,0.0,0.0,0.0,0.0,0.2666666666666667,0.0,0.0,0.0,0.0,0.07692307692307693,0.1380952380952381,0.0,0.01547252747252749,0.06342857142857143,0.0,0.0,0.03616605616605617
Menu.js,/Users/joshua/Documents/18980/social-media/client/core/Menu.js,53.0,0.0,4.0,0.0,0.0,0.0,0.0,0.0,0.0,0.0,0.0,0.0,0.0,0.0,0.0,0.0,5.0,1.0,0.0,4.0,0.0,0.0,0.0,0.0,0.4444444444444444,0.0,0.0,0.0,0.0,4.0,0.2857142857142857,0.0,0.0,0.0,0.0,0.32098765432098764,0.0,0.0,0.0,0.0,0.23076923076923078,0.22310405643738976,0.0,-0.06451363451363451,0.10137566137566137,0.0,0.0,0.04332768054990277
webpack.config.client.production.js,/Users/joshua/Documents/18980/social-media/webpack.config.client.production.js,28.0,0.0,0.0,0.0,0.0,0.0,0.0,0.0,0.0,0.0,0.0,0.0,0.0,0.0,0.0,0.0,1.0,1.0,0.0,0.0,0.0,0.0,0.0,0.0,0.5,0.0,0.0,0.0,0.0,1.0,0.0,0.0,0.0,0.0,0.0,0.3888888888888889,0.0,0.0,0.0,0.0,0.0,0.09722222222222222,0.0,0.12833333333333335,0.04666666666666667,0.0,0.0,0.04537037037037037
Comments.js,/Users/joshua/Documents/18980/social-media/client/post/Comments.js,121.0,0.0,10.0,0.0,0.0,0.0,0.0,0.0,0.0,0.0,0.0,0.0,0.0,0.0,1.0,0.0,14.0,1.0,0.0,10.0,0.0,0.0,0.0,1.0,0.4166666666666667,0.0,0.0,0.0,0.0,10.0,0.7142857142857143,0.0,0.0,0.0,0.16666666666666666,0.2870370370370371,0.0,0.0,0.0,0.0,0.6923076923076923,0.38723544973544977,-0.041666666666666664,-0.42445360195360193,0.19158730158730158,-0.08333333333333333,0.0,0.004894858228191567
DeleteUser.js,/Users/joshua/Documents/18980/social-media/client/user/DeleteUser.js,63.0,0.0,6.0,0.0,0.0,0.0,0.0,0.0,0.0,0.0,0.0,0.0,0.0,0.0,1.0,0.0,9.0,1.0,0.0,6.0,0.0,0.0,0.0,1.0,0.4,0.0,0.0,0.0,0.0,6.0,0.42857142857142855,0.0,0.0,0.0,0.16666666666666666,0.2666666666666667,0.0,0.0,0.0,0.0,0.38461538461538464,0.2392857142857143,-0.041666666666666664,-0.23535164835164835,0.12628571428571428,-0.08333333333333333,0.0,0.0008699633699633738
FollowProfileButton.js,/Users/joshua/Documents/18980/social-media/client/user/FollowProfileButton.js,22.0,0.0,3.0,0.0,0.0,0.0,0.0,0.0,0.0,0.0,0.0,0.0,0.0,0.0,1.0,0.0,5.0,1.0,0.0,3.0,0.0,0.0,0.0,1.0,0.37499999999999994,0.0,0.0,0.0,0.0,3.0,0.21428571428571427,0.0,0.0,0.0,0.16666666666666666,0.23611111111111105,0.0,0.0,0.0,0.0,0.15384615384615385,0.12450396825396823,-0.041666666666666664,-0.09856684981684985,0.07547619047619046,-0.08333333333333333,0.0,-0.003931115181115191
webpack.config.server.js,/Users/joshua/Documents/18980/social-media/webpack.config.server.js,29.0,0.0,0.0,0.0,0.0,0.0,0.0,0.0,0.0,0.0,0.0,0.0,0.0,0.0,0.0,0.0,1.0,1.0,0.0,0.0,0.0,0.0,0.0,0.0,0.5,0.0,0.0,0.0,0.0,1.0,0.0,0.0,0.0,0.0,0.0,0.3888888888888889,0.0,0.0,0.0,0.0,0.0,0.09722222222222222,0.0,0.12833333333333335,0.04666666666666667,0.0,0.0,0.04537037037037037
auth.routes.js,/Users/joshua/Documents/18980/social-media/server/routes/auth.routes.js,9.0,0.0,0.0,0.0,0.0,0.0,0.0,0.0,0.0,0.0,0.0,0.0,0.0,0.0,1.0,0.0,1.0,1.0,0.0,0.0,0.0,0.0,0.0,1.0,0.5,0.0,0.0,0.0,0.0,1.0,0.0,0.0,0.0,0.0,0.16666666666666666,0.3888888888888889,0.0,0.0,0.0,0.0,0.0,0.05555555555555556,-0.041666666666666664,0.07333333333333336,0.04666666666666667,-0.08333333333333333,0.0,0.008425925925925932
auth.controller.js,/Users/joshua/Documents/18980/social-media/server/controllers/auth.controller.js,60.0,0.0,3.0,0.0,0.0,0.0,0.0,0.0,0.0,0.0,0.0,0.0,0.0,0.0,1.0,0.0,7.0,2.0,0.0,3.0,0.0,0.0,0.0,1.0,0.3,0.0,0.0,0.0,0.0,3.0,0.21428571428571427,0.0,0.0,0.0,0.16666666666666666,0.14444444444444443,0.0,0.0,0.0,0.0,0.15384615384615385,0.10158730158730159,-0.041666666666666664,-0.12881684981684982,0.06447619047619046,-0.08333333333333333,0.0,-0.014625559625559626
server.js,/Users/joshua/Documents/18980/social-media/server/server.js,14.0,0.0,2.0,0.0,0.0,0.0,0.0,0.0,0.0,0.0,0.0,0.0,0.0,0.0,1.0,0.0,4.0,1.0,0.0,2.0,0.0,0.0,0.0,1.0,0.3333333333333333,0.0,0.0,0.0,0.0,2.0,0.14285714285714285,0.0,0.0,0.0,0.16666666666666666,0.18518518518518517,0.0,0.0,0.0,0.0,0.07692307692307693,0.07605820105820105,-0.041666666666666664,-0.06641636141636142,0.05365079365079364,-0.08333333333333333,0.0,-0.010284561117894454
config.js,/Users/joshua/Documents/18980/social-media/config/config.js,16.0,0.0,0.0,0.0,0.0,0.0,0.0,0.0,0.0,0.0,0.0,0.0,0.0,0.0,0.0,2.0,1.0,1.0,0.0,0.0,0.0,0.0,0.0,2.0,0.5,0.0,0.0,0.0,0.0,1.0,0.0,0.0,0.0,0.0,0.3333333333333333,0.3888888888888889,0.0,0.0,0.0,0.0,0.0,0.013888888888888895,-0.08333333333333333,0.018333333333333354,0.04666666666666667,-0.16666666666666666,0.0,-0.028518518518518512
express.js,/Users/joshua/Documents/18980/social-media/server/express.js,62.0,0.0,2.0,0.0,0.0,0.0,0.0,0.0,0.0,0.0,0.0,0.0,0.0,0.0,2.0,0.0,6.0,2.0,0.0,2.0,0.0,0.0,0.0,2.0,0.25,0.0,0.0,0.0,0.0,2.0,0.14285714285714285,0.0,0.0,0.0,0.3333333333333333,0.08333333333333333,0.0,0.0,0.0,0.0,0.07692307692307693,0.008928571428571425,-0.08333333333333333,-0.1550274725274725,0.041428571428571426,-0.16666666666666666,0.0,-0.0591117216117216
user.controller.js,/Users/joshua/Documents/18980/social-media/server/controllers/user.controller.js,179.0,0.0,14.0,0.0,0.0,0.0,0.0,0.0,0.0,0.0,0.0,0.0,0.0,0.0,1.0,0.0,28.0,2.0,0.0,14.0,0.0,0.0,0.0,1.0,0.3333333333333333,0.0,0.0,0.0,0.0,14.0,1.0,0.0,0.0,0.0,0.16666666666666666,0.18518518518518517,0.0,0.0,0.0,0.0,1.0,0.5046296296296297,-0.041666666666666664,-0.653888888888889,0.24222222222222223,-0.08333333333333333,0.0,-0.005339506172839517
user.model.js,/Users/joshua/Documents/18980/social-media/server/models/user.model.js,75.0,0.0,6.0,0.0,0.0,0.0,0.0,0.0,0.0,0.0,0.0,0.0,0.0,0.0,0.0,0.0,11.0,2.0,0.0,6.0,0.0,0.0,0.0,0.0,0.35294117647058826,0.0,0.0,0.0,0.0,6.0,0.42857142857142855,0.0,0.0,0.0,0.0,0.20915032679738566,0.0,0.0,0.0,0.0,0.38461538461538464,0.2665732959850607,0.0,-0.1993320405085111,0.11938375350140056,0.0,0.0,0.03110416816299169
devBundle.js,/Users/joshua/Documents/18980/social-media/server/devBundle.js,18.0,0.0,1.0,0.0,0.0,0.0,0.0,0.0,0.0,0.0,0.0,0.0,0.0,0.0,1.0,0.0,2.0,2.0,0.0,1.0,0.0,0.0,0.0,1.0,0.3333333333333333,0.0,0.0,0.0,0.0,1.0,0.07142857142857142,0.0,0.0,0.0,0.16666666666666666,0.18518518518518517,0.0,0.0,0.0,0.0,0.0,0.04034391534391534,-0.041666666666666664,-0.01746031746031746,0.037936507936507935,-0.08333333333333333,0.0,-0.010696649029982361
user.routes.js,/Users/joshua/Documents/18980/social-media/server/routes/user.routes.js,24.0,0.0,0.0,0.0,0.0,0.0,0.0,0.0,0.0,0.0,0.0,0.0,0.0,0.0,2.0,0.0,1.0,1.0,0.0,0.0,0.0,0.0,0.0,2.0,0.5,0.0,0.0,0.0,0.0,1.0,0.0,0.0,0.0,0.0,0.3333333333333333,0.3888888888888889,0.0,0.0,0.0,0.0,0.0,0.013888888888888895,-0.08333333333333333,0.018333333333333354,0.04666666666666667,-0.16666666666666666,0.0,-0.028518518518518512
post.routes.js,/Users/joshua/Documents/18980/social-media/server/routes/post.routes.js,27.0,0.0,0.0,0.0,0.0,0.0,0.0,0.0,0.0,0.0,0.0,0.0,0.0,0.0,3.0,0.0,1.0,1.0,0.0,0.0,0.0,0.0,0.0,3.0,0.5,0.0,0.0,0.0,0.0,1.0,0.0,0.0,0.0,0.0,0.5,0.3888888888888889,0.0,0.0,0.0,0.0,0.0,-0.027777777777777776,-0.125,-0.03666666666666665,0.04666666666666667,-0.25,0.0,-0.06546296296296296
NewPost.js,/Users/joshua/Documents/18980/social-media/client/post/NewPost.js,132.0,0.0,7.0,0.0,0.0,0.0,0.0,0.0,0.0,0.0,0.0,0.0,0.0,0.0,1.0,0.0,12.0,2.0,0.0,7.0,0.0,0.0,0.0,1.0,0.3684210526315789,0.0,0.0,0.0,0.0,7.0,0.5,0.0,0.0,0.0,0.16666666666666666,0.22807017543859648,0.0,0.0,0.0,0.0,0.46153846153846156,0.26535087719298245,-0.041666666666666664,-0.2970445344129555,0.13736842105263158,-0.08333333333333333,0.0,-0.0032208726945569047
webpack.config.client.js,/Users/joshua/Documents/18980/social-media/webpack.config.client.js,41.0,0.0,0.0,0.0,0.0,0.0,0.0,0.0,0.0,0.0,0.0,0.0,0.0,0.0,0.0,0.0,1.0,1.0,0.0,0.0,0.0,0.0,0.0,0.0,0.5,0.0,0.0,0.0,0.0,1.0,0.0,0.0,0.0,0.0,0.0,0.3888888888888889,0.0,0.0,0.0,0.0,0.0,0.09722222222222222,0.0,0.12833333333333335,0.04666666666666667,0.0,0.0,0.04537037037037037
main.js,/Users/joshua/Documents/18980/social-media/client/main.js,4.0,0.0,0.0,0.0,0.0,0.0,0.0,0.0,0.0,0.0,0.0,0.0,0.0,0.0,0.0,0.0,1.0,1.0,0.0,0.0,0.0,0.0,0.0,0.0,0.5,0.0,0.0,0.0,0.0,1.0,0.0,0.0,0.0,0.0,0.0,0.3888888888888889,0.0,0.0,0.0,0.0,0.0,0.09722222222222222,0.0,0.12833333333333335,0.04666666666666667,0.0,0.0,0.04537037037037037
Newsfeed.js,/Users/joshua/Documents/18980/social-media/client/post/Newsfeed.js,69.0,0.0,7.0,0.0,0.0,0.0,0.0,0.0,0.0,0.0,0.0,0.0,0.0,0.0,3.0,0.0,8.0,1.0,0.0,7.0,0.0,0.0,0.0,3.0,0.4666666666666667,0.0,0.0,0.0,0.0,7.0,0.5,0.0,0.0,0.0,0.5,0.34814814814814815,0.0,0.0,0.0,0.0,0.46153846153846156,0.21203703703703702,-0.125,-0.3674188034188034,0.1517777777777778,-0.25,0.0,-0.06310066476733144
