EntityKind,Entity,File,CK_Suite,SumCyclomatic,AvgCyclomatic,FunctionCount,MethodCount,ClassCount,ClassCoupled,LackOfCohesion,LackOfCohesionMod,MaxInheritanceTree,ClassDerived,CountOutput,EfferentCoupling,AfferentCoupling,WMC,DIT,NOC,CBO,RFC,LCOM,CK_RISK_SCORE,ClassesInModule
Module,post.controller.js,post.controller.js,"WMC,DIT,NOC,CBO,RFC,LCOM",25.0,2.0,12.0,0.0,0.0,0.0,0.0,0.0,0.0,0.0,0.0,1.0,0.0,25.0,0.0,0.0,1.0,12.0,0.0,12.65,0.0
Module,dbErrorHandler.js,dbErrorHandler.js,"WMC,DIT,NOC,CBO,RFC,LCOM",9.0,3.0,2.0,0.0,0.0,0.0,0.0,0.0,0.0,0.0,0.0,0.0,2.0,9.0,0.0,0.0,2.0,2.0,0.0,4.5,0.0
Module,post.model.js,post.model.js,"WMC,DIT,NOC,CBO,RFC,LCOM",0.0,0.0,0.0,0.0,0.0,0.0,0.0,0.0,0.0,0.0,0.0,0.0,0.0,0.0,0.0,0.0,0.0,0.0,0.0,0.0,0.0
Module,template.js,template.js,"WMC,DIT,NOC,CBO,RFC,LCOM",1.0,1.0,1.0,0.0,0.0,0.0,0.0,0.0,0.0,0.0,0.0,0.0,0.0,1.0,0.0,0.0,0.0,1.0,0.0,0.6000000000000001,0.0
Module,App.js,App.js,"WMC,DIT,NOC,CBO,RFC,LCOM",3.0,2.0,2.0,0.0,0.0,0.0,0.0,0.0,0.0,0.0,0.0,0.0,0.0,3.0,0.0,0.0,0.0,2.0,0.0,1.6,0.0
Module,MainRouter.js,MainRouter.js,"WMC,DIT,NOC,CBO,RFC,LCOM",1.0,1.0,1.0,0.0,0.0,0.0,0.0,0.0,0.0,0.0,0.0,6.0,0.0,1.0,0.0,0.0,6.0,1.0,0.0,2.1,0.0
Module,theme.js,theme.js,"WMC,DIT,NOC,CBO,RFC,LCOM",0.0,0.0,0.0,0.0,0.0,0.0,0.0,0.0,0.0,0.0,0.0,0.0,0.0,0.0,0.0,0.0,0.0,0.0,0.0,0.0,0.0
Module,auth-helper.js,auth-helper.js,"WMC,DIT,NOC,CBO,RFC,LCOM",8.0,2.0,4.0,0.0,0.0,0.0,0.0,0.0,0.0,0.0,0.0,1.0,0.0,8.0,0.0,0.0,1.0,4.0,0.0,4.25,0.0
Module,api-auth.js,api-auth.js,"WMC,DIT,NOC,CBO,RFC,LCOM",4.0,2.0,2.0,0.0,0.0,0.0,0.0,0.0,0.0,0.0,0.0,0.0,0.0,4.0,0.0,0.0,0.0,2.0,0.0,2.0,0.0
Module,PostList.js,PostList.js,"WMC,DIT,NOC,CBO,RFC,LCOM",3.0,1.0,2.0,0.0,0.0,0.0,0.0,0.0,0.0,0.0,0.0,1.0,0.0,3.0,0.0,0.0,1.0,2.0,0.0,1.85,0.0
Module,Post.js,Post.js,"WMC,DIT,NOC,CBO,RFC,LCOM",13.0,1.0,8.0,0.0,0.0,0.0,0.0,0.0,0.0,0.0,0.0,2.0,0.0,13.0,0.0,0.0,2.0,8.0,0.0,7.300000000000001,0.0
Module,FindPeople.js,FindPeople.js,"WMC,DIT,NOC,CBO,RFC,LCOM",12.0,1.0,10.0,0.0,0.0,0.0,0.0,0.0,0.0,0.0,0.0,1.0,0.0,12.0,0.0,0.0,1.0,10.0,0.0,7.050000000000001,0.0
Module,api-user.js,api-user.js,"WMC,DIT,NOC,CBO,RFC,LCOM",16.0,2.0,8.0,0.0,0.0,0.0,0.0,0.0,0.0,0.0,0.0,0.0,0.0,16.0,0.0,0.0,0.0,8.0,0.0,8.0,0.0
Module,ProfileTabs.js,ProfileTabs.js,"WMC,DIT,NOC,CBO,RFC,LCOM",4.0,1.0,3.0,0.0,0.0,0.0,0.0,0.0,0.0,0.0,0.0,2.0,0.0,4.0,0.0,0.0,2.0,3.0,0.0,2.7,0.0
Module,FollowGrid.js,FollowGrid.js,"WMC,DIT,NOC,CBO,RFC,LCOM",4.0,1.0,3.0,0.0,0.0,0.0,0.0,0.0,0.0,0.0,0.0,0.0,0.0,4.0,0.0,0.0,0.0,3.0,0.0,2.2,0.0
Module,api-post.js,api-post.js,"WMC,DIT,NOC,CBO,RFC,LCOM",16.0,2.0,8.0,0.0,0.0,0.0,0.0,0.0,0.0,0.0,0.0,0.0,0.0,16.0,0.0,0.0,0.0,8.0,0.0,8.0,0.0
Module,Home.js,Home.js,"WMC,DIT,NOC,CBO,RFC,LCOM",5.0,1.0,5.0,0.0,0.0,0.0,0.0,0.0,0.0,0.0,0.0,2.0,0.0,5.0,0.0,0.0,2.0,5.0,0.0,3.5,0.0
Module,Users.js,Users.js,"WMC,DIT,NOC,CBO,RFC,LCOM",7.0,1.0,6.0,0.0,0.0,0.0,0.0,0.0,0.0,0.0,0.0,1.0,0.0,7.0,0.0,0.0,1.0,6.0,0.0,4.25,0.0
Module,Signup.js,Signup.js,"WMC,DIT,NOC,CBO,RFC,LCOM",7.0,1.0,6.0,0.0,0.0,0.0,0.0,0.0,0.0,0.0,0.0,1.0,0.0,7.0,0.0,0.0,1.0,6.0,0.0,4.25,0.0
Module,Signin.js,Signin.js,"WMC,DIT,NOC,CBO,RFC,LCOM",9.0,1.0,7.0,0.0,0.0,0.0,0.0,0.0,0.0,0.0,0.0,1.0,0.0,9.0,0.0,0.0,1.0,7.0,0.0,5.25,0.0
Module,EditProfile.js,EditProfile.js,"WMC,DIT,NOC,CBO,RFC,LCOM",15.0,2.0,9.0,0.0,0.0,0.0,0.0,0.0,0.0,0.0,0.0,1.0,0.0,15.0,0.0,0.0,1.0,9.0,0.0,8.05,0.0
Module,Profile.js,Profile.js,"WMC,DIT,NOC,CBO,RFC,LCOM",18.0,2.0,12.0,0.0,0.0,0.0,0.0,0.0,0.0,0.0,0.0,5.0,0.0,18.0,0.0,0.0,5.0,12.0,0.0,10.85,0.0
Module,PrivateRoute.js,PrivateRoute.js,"WMC,DIT,NOC,CBO,RFC,LCOM",3.0,2.0,2.0,0.0,0.0,0.0,0.0,0.0,0.0,0.0,0.0,0.0,0.0,3.0,0.0,0.0,0.0,2.0,0.0,1.6,0.0
Module,Menu.js,Menu.js,"WMC,DIT,NOC,CBO,RFC,LCOM",5.0,1.0,4.0,0.0,0.0,0.0,0.0,0.0,0.0,0.0,0.0,0.0,0.0,5.0,0.0,0.0,0.0,4.0,0.0,2.8,0.0
Module,webpack.config.client.production.js,webpack.config.client.production.js,"WMC,DIT,NOC,CBO,RFC,LCOM",1.0,1.0,0.0,0.0,0.0,0.0,0.0,0.0,0.0,0.0,0.0,0.0,0.0,1.0,0.0,0.0,0.0,0.0,0.0,0.4,0.0
Module,Comments.js,Comments.js,"WMC,DIT,NOC,CBO,RFC,LCOM",14.0,1.0,10.0,0.0,0.0,0.0,0.0,0.0,0.0,0.0,0.0,1.0,0.0,14.0,0.0,0.0,1.0,10.0,0.0,7.8500000000000005,0.0
Module,DeleteUser.js,DeleteUser.js,"WMC,DIT,NOC,CBO,RFC,LCOM",9.0,1.0,6.0,0.0,0.0,0.0,0.0,0.0,0.0,0.0,0.0,1.0,0.0,9.0,0.0,0.0,1.0,6.0,0.0,5.050000000000001,0.0
Module,FollowProfileButton.js,FollowProfileButton.js,"WMC,DIT,NOC,CBO,RFC,LCOM",5.0,1.0,3.0,0.0,0.0,0.0,0.0,0.0,0.0,0.0,0.0,1.0,0.0,5.0,0.0,0.0,1.0,3.0,0.0,2.85,0.0
Module,webpack.config.server.js,webpack.config.server.js,"WMC,DIT,NOC,CBO,RFC,LCOM",1.0,1.0,0.0,0.0,0.0,0.0,0.0,0.0,0.0,0.0,0.0,0.0,0.0,1.0,0.0,0.0,0.0,0.0,0.0,0.4,0.0
Module,auth.routes.js,auth.routes.js,"WMC,DIT,NOC,CBO,RFC,LCOM",1.0,1.0,0.0,0.0,0.0,0.0,0.0,0.0,0.0,0.0,0.0,1.0,0.0,1.0,0.0,0.0,1.0,0.0,0.0,0.65,0.0
Module,auth.controller.js,auth.controller.js,"WMC,DIT,NOC,CBO,RFC,LCOM",7.0,2.0,3.0,0.0,0.0,0.0,0.0,0.0,0.0,0.0,0.0,1.0,0.0,7.0,0.0,0.0,1.0,3.0,0.0,3.6500000000000004,0.0
Module,server.js,server.js,"WMC,DIT,NOC,CBO,RFC,LCOM",4.0,1.0,2.0,0.0,0.0,0.0,0.0,0.0,0.0,0.0,0.0,1.0,0.0,4.0,0.0,0.0,1.0,2.0,0.0,2.25,0.0
Module,config.js,config.js,"WMC,DIT,NOC,CBO,RFC,LCOM",1.0,1.0,0.0,0.0,0.0,0.0,0.0,0.0,0.0,0.0,0.0,0.0,2.0,1.0,0.0,0.0,2.0,0.0,0.0,0.9,0.0
Module,express.js,express.js,"WMC,DIT,NOC,CBO,RFC,LCOM",6.0,2.0,2.0,0.0,0.0,0.0,0.0,0.0,0.0,0.0,0.0,2.0,0.0,6.0,0.0,0.0,2.0,2.0,0.0,3.3000000000000003,0.0
Module,user.controller.js,user.controller.js,"WMC,DIT,NOC,CBO,RFC,LCOM",28.0,2.0,14.0,0.0,0.0,0.0,0.0,0.0,0.0,0.0,0.0,1.0,0.0,28.0,0.0,0.0,1.0,14.0,0.0,14.250000000000002,0.0
Module,user.model.js,user.model.js,"WMC,DIT,NOC,CBO,RFC,LCOM",11.0,2.0,6.0,0.0,0.0,0.0,0.0,0.0,0.0,0.0,0.0,0.0,0.0,11.0,0.0,0.0,0.0,6.0,0.0,5.6000000000000005,0.0
Module,devBundle.js,devBundle.js,"WMC,DIT,NOC,CBO,RFC,LCOM",2.0,2.0,1.0,0.0,0.0,0.0,0.0,0.0,0.0,0.0,0.0,1.0,0.0,2.0,0.0,0.0,1.0,1.0,0.0,1.25,0.0
Module,user.routes.js,user.routes.js,"WMC,DIT,NOC,CBO,RFC,LCOM",1.0,1.0,0.0,0.0,0.0,0.0,0.0,0.0,0.0,0.0,0.0,2.0,0.0,1.0,0.0,0.0,2.0,0.0,0.0,0.9,0.0
Module,post.routes.js,post.routes.js,"WMC,DIT,NOC,CBO,RFC,LCOM",1.0,1.0,0.0,0.0,0.0,0.0,0.0,0.0,0.0,0.0,0.0,3.0,0.0,1.0,0.0,0.0,3.0,0.0,0.0,1.15,0.0
Module,NewPost.js,NewPost.js,"WMC,DIT,NOC,CBO,RFC,LCOM",12.0,2.0,7.0,0.0,0.0,0.0,0.0,0.0,0.0,0.0,0.0,1.0,0.0,12.0,0.0,0.0,1.0,7.0,0.0,6.450000000000001,0.0
Module,webpack.config.client.js,webpack.config.client.js,"WMC,DIT,NOC,CBO,RFC,LCOM",1.0,1.0,0.0,0.0,0.0,0.0,0.0,0.0,0.0,0.0,0.0,0.0,0.0,1.0,0.0,0.0,0.0,0.0,0.0,0.4,0.0
Module,main.js,main.js,"WMC,DIT,NOC,CBO,RFC,LCOM",1.0,1.0,0.0,0.0,0.0,0.0,0.0,0.0,0.0,0.0,0.0,0.0,0.0,1.0,0.0,0.0,0.0,0.0,0.0,0.4,0.0
Module,Newsfeed.js,Newsfeed.js,"WMC,DIT,NOC,CBO,RFC,LCOM",8.0,1.0,7.0,0.0,0.0,0.0,0.0,0.0,0.0,0.0,0.0,3.0,0.0,8.0,0.0,0.0,3.0,7.0,0.0,5.3500000000000005,0.0
